,mean,sd,hpd_3%,hpd_97%,mcse_mean,mcse_sd,ess_mean,ess_sd,ess_bulk,ess_tail,r_hat
"C[0,0]",0.07,0.008,0.055,0.085,0.0,0.0,25671.0,24617.0,26066.0,14345.0,1.0
"C[0,1]",0.064,0.008,0.049,0.079,0.0,0.0,25192.0,24179.0,25661.0,15413.0,1.0
"C[1,0]",0.035,0.005,0.026,0.043,0.0,0.0,25344.0,25065.0,25174.0,14143.0,1.0
"C[1,1]",0.034,0.004,0.026,0.043,0.0,0.0,25732.0,25732.0,25505.0,14522.0,1.0
"C[2,0]",0.051,0.006,0.039,0.062,0.0,0.0,25308.0,24740.0,25313.0,14091.0,1.0
"C[2,1]",0.061,0.01,0.044,0.08,0.0,0.0,20099.0,18925.0,20950.0,14429.0,1.0
"C[3,0]",0.049,0.006,0.038,0.061,0.0,0.0,24705.0,24078.0,24602.0,15238.0,1.0
"C[3,1]",0.044,0.005,0.034,0.054,0.0,0.0,22471.0,22343.0,22325.0,14478.0,1.0
"C[4,0]",0.044,0.005,0.034,0.054,0.0,0.0,26036.0,25218.0,26177.0,14174.0,1.0
"C[4,1]",0.029,0.006,0.018,0.04,0.0,0.0,24665.0,23543.0,24765.0,15339.0,1.0
"C[5,0]",0.018,0.003,0.012,0.024,0.0,0.0,28219.0,27833.0,27800.0,13610.0,1.0
"C[5,1]",0.021,0.004,0.014,0.027,0.0,0.0,24366.0,24366.0,23930.0,13598.0,1.0
"C[6,0]",0.022,0.003,0.015,0.028,0.0,0.0,26734.0,26541.0,26377.0,13204.0,1.0
"C[6,1]",0.041,0.006,0.031,0.052,0.0,0.0,23767.0,22872.0,23844.0,15040.0,1.0
"C[7,0]",0.046,0.006,0.035,0.056,0.0,0.0,26826.0,26178.0,26870.0,14694.0,1.0
"C[7,1]",0.028,0.005,0.019,0.036,0.0,0.0,27111.0,26325.0,27035.0,15790.0,1.0
"C[8,0]",0.013,0.003,0.008,0.018,0.0,0.0,25920.0,25920.0,25033.0,12031.0,1.0
"C[8,1]",0.018,0.003,0.012,0.024,0.0,0.0,23485.0,23485.0,22882.0,13203.0,1.0
"C[9,0]",0.057,0.007,0.044,0.069,0.0,0.0,22311.0,22037.0,22253.0,14100.0,1.0
"C[9,1]",0.065,0.01,0.046,0.083,0.0,0.0,22254.0,20634.0,23417.0,15530.0,1.0
"C[10,0]",0.064,0.008,0.049,0.079,0.0,0.0,25250.0,24409.0,25534.0,15035.0,1.0
"C[10,1]",0.068,0.008,0.053,0.083,0.0,0.0,23665.0,23107.0,23760.0,14544.0,1.0
"C[11,0]",0.045,0.005,0.035,0.056,0.0,0.0,27946.0,27012.0,27915.0,14379.0,1.0
"C[11,1]",0.065,0.008,0.05,0.08,0.0,0.0,24039.0,22947.0,24623.0,15076.0,1.0
"C[12,0]",0.069,0.008,0.053,0.083,0.0,0.0,25173.0,24232.0,25425.0,14685.0,1.0
"C[12,1]",0.062,0.01,0.044,0.08,0.0,0.0,21857.0,20870.0,22473.0,15720.0,1.0
"C[13,0]",0.031,0.004,0.023,0.039,0.0,0.0,29053.0,28570.0,28888.0,14321.0,1.0
"C[13,1]",0.02,0.003,0.014,0.026,0.0,0.0,26055.0,25910.0,25730.0,13621.0,1.0
"C[14,0]",0.106,0.013,0.081,0.131,0.0,0.0,24758.0,23320.0,25806.0,14038.0,1.0
"C[14,1]",0.164,0.033,0.105,0.229,0.0,0.0,11800.0,10233.0,11623.0,7009.0,1.0
"C[15,0]",0.011,0.003,0.006,0.016,0.0,0.0,21297.0,21297.0,20347.0,10587.0,1.0
"C[15,1]",0.007,0.002,0.003,0.011,0.0,0.0,21058.0,21058.0,19155.0,8212.0,1.0
"C[16,0]",0.014,0.003,0.008,0.019,0.0,0.0,26544.0,26544.0,25623.0,12045.0,1.0
"C[16,1]",0.02,0.003,0.013,0.026,0.0,0.0,26400.0,26400.0,25772.0,12717.0,1.0
"C[17,0]",0.009,0.003,0.005,0.014,0.0,0.0,16766.0,16766.0,15935.0,9505.0,1.0
"C[17,1]",0.009,0.002,0.004,0.014,0.0,0.0,21215.0,21215.0,20176.0,10784.0,1.0
"wp[0,0]",0.519,0.03,0.462,0.577,0.0,0.0,28242.0,28152.0,28236.0,14394.0,1.0
"wp[0,1]",0.613,0.029,0.558,0.667,0.0,0.0,27646.0,27604.0,27616.0,15217.0,1.0
"wp[1,0]",0.496,0.027,0.445,0.547,0.0,0.0,27839.0,27839.0,27871.0,14739.0,1.0
"wp[1,1]",0.547,0.027,0.497,0.597,0.0,0.0,25936.0,25725.0,25942.0,14678.0,1.0
"wp[2,0]",0.545,0.029,0.49,0.598,0.0,0.0,28178.0,28163.0,28181.0,15144.0,1.0
"wp[2,1]",0.768,0.026,0.719,0.816,0.0,0.0,19578.0,19454.0,19475.0,14433.0,1.0
"wp[3,0]",0.451,0.028,0.397,0.504,0.0,0.0,24775.0,24679.0,24739.0,14258.0,1.0
"wp[3,1]",0.561,0.028,0.507,0.611,0.0,0.0,25920.0,25784.0,25912.0,14776.0,1.0
"wp[4,0]",0.532,0.028,0.481,0.586,0.0,0.0,24723.0,24657.0,24707.0,15407.0,1.0
"wp[4,1]",0.84,0.02,0.803,0.876,0.0,0.0,25027.0,25020.0,24975.0,15760.0,1.0
"wp[5,0]",0.513,0.026,0.464,0.562,0.0,0.0,26060.0,25890.0,26086.0,13689.0,1.0
"wp[5,1]",0.668,0.025,0.62,0.714,0.0,0.0,24113.0,24111.0,24101.0,14059.0,1.0
"wp[6,0]",0.551,0.026,0.503,0.603,0.0,0.0,32028.0,31769.0,32001.0,14403.0,1.0
"wp[6,1]",0.632,0.027,0.58,0.683,0.0,0.0,24470.0,24308.0,24414.0,14220.0,1.0
"wp[7,0]",0.549,0.028,0.496,0.6,0.0,0.0,26620.0,26613.0,26638.0,15317.0,1.0
"wp[7,1]",0.728,0.024,0.683,0.771,0.0,0.0,27688.0,27608.0,27585.0,15819.0,1.0
"wp[8,0]",0.498,0.026,0.45,0.548,0.0,0.0,24641.0,24477.0,24632.0,14260.0,1.0
"wp[8,1]",0.612,0.025,0.564,0.659,0.0,0.0,26137.0,26072.0,26137.0,14980.0,1.0
"wp[9,0]",0.522,0.029,0.469,0.576,0.0,0.0,26150.0,26126.0,26170.0,14469.0,1.0
"wp[9,1]",0.754,0.027,0.704,0.804,0.0,0.0,21975.0,21759.0,21792.0,14959.0,1.0
"wp[10,0]",0.577,0.03,0.521,0.631,0.0,0.0,26369.0,26292.0,26365.0,16376.0,1.0
"wp[10,1]",0.432,0.03,0.377,0.489,0.0,0.0,24354.0,24286.0,24358.0,14683.0,1.0
"wp[11,0]",0.464,0.028,0.409,0.514,0.0,0.0,26370.0,26357.0,26330.0,14186.0,1.0
"wp[11,1]",0.612,0.029,0.557,0.667,0.0,0.0,23251.0,23101.0,23212.0,15776.0,1.0
"wp[12,0]",0.544,0.03,0.488,0.601,0.0,0.0,25156.0,25156.0,25159.0,15123.0,1.0
"wp[12,1]",0.769,0.026,0.721,0.817,0.0,0.0,21304.0,21243.0,21217.0,15817.0,1.0
"wp[13,0]",0.498,0.027,0.447,0.548,0.0,0.0,24897.0,24529.0,24932.0,13129.0,1.0
"wp[13,1]",0.603,0.026,0.555,0.652,0.0,0.0,27266.0,27225.0,27264.0,14708.0,1.0
"wp[14,0]",0.526,0.034,0.461,0.587,0.0,0.0,30529.0,30196.0,30531.0,13456.0,1.0
"wp[14,1]",0.852,0.026,0.804,0.9,0.0,0.0,15623.0,15405.0,14242.0,10977.0,1.0
"wp[15,0]",0.515,0.026,0.467,0.564,0.0,0.0,23303.0,23148.0,23315.0,13211.0,1.0
"wp[15,1]",0.555,0.026,0.506,0.601,0.0,0.0,27235.0,27021.0,27213.0,13660.0,1.0
"wp[16,0]",0.477,0.026,0.428,0.526,0.0,0.0,29432.0,29227.0,29420.0,14804.0,1.0
"wp[16,1]",0.599,0.026,0.549,0.646,0.0,0.0,28181.0,28149.0,28182.0,14651.0,1.0
"wp[17,0]",0.493,0.026,0.442,0.539,0.0,0.0,26563.0,26505.0,26571.0,14518.0,1.0
"wp[17,1]",0.564,0.026,0.517,0.613,0.0,0.0,28125.0,28064.0,28156.0,15062.0,1.0
theta[0],0.02,0.009,0.005,0.037,0.0,0.0,25057.0,19039.0,28071.0,14784.0,1.0
theta[1],0.038,0.014,0.014,0.064,0.0,0.0,26262.0,21044.0,28160.0,14649.0,1.0
theta[2],0.072,0.02,0.036,0.111,0.0,0.0,27330.0,23472.0,28285.0,14756.0,1.0
theta[3],0.139,0.028,0.088,0.191,0.0,0.0,28195.0,26048.0,28518.0,15144.0,1.0
theta[4],0.267,0.033,0.207,0.329,0.0,0.0,28847.0,28201.0,28899.0,14945.0,1.0
theta[5],0.519,0.03,0.462,0.577,0.0,0.0,28242.0,28152.0,28236.0,14394.0,1.0
theta[6],0.765,0.033,0.706,0.827,0.0,0.0,25857.0,25815.0,25817.0,14647.0,1.0
theta[7],0.884,0.027,0.834,0.932,0.0,0.0,25526.0,25526.0,25383.0,14994.0,1.0
theta[8],0.943,0.019,0.907,0.974,0.0,0.0,24909.0,24909.0,25268.0,14864.0,1.0
theta[9],0.971,0.012,0.949,0.991,0.0,0.0,24191.0,24191.0,25206.0,14861.0,1.0
theta[10],0.985,0.007,0.972,0.997,0.0,0.0,23287.0,23287.0,25173.0,14841.0,1.0
theta[11],0.055,0.017,0.026,0.089,0.0,0.0,28621.0,23050.0,30404.0,14751.0,1.0
theta[12],0.089,0.023,0.049,0.133,0.0,0.0,29490.0,25239.0,30561.0,14728.0,1.0
theta[13],0.143,0.028,0.092,0.197,0.0,0.0,30253.0,27539.0,30784.0,14572.0,1.0
theta[14],0.232,0.033,0.172,0.293,0.0,0.0,30901.0,29375.0,31079.0,14201.0,1.0
theta[15],0.376,0.033,0.316,0.438,0.0,0.0,31479.0,30987.0,31233.0,13997.0,1.0
theta[16],0.613,0.029,0.558,0.667,0.0,0.0,27646.0,27604.0,27616.0,15217.0,1.0
theta[17],0.82,0.03,0.764,0.876,0.0,0.0,24743.0,24743.0,24732.0,14286.0,1.0
theta[18],0.916,0.023,0.871,0.956,0.0,0.0,24312.0,24312.0,24529.0,14841.0,1.0
theta[19],0.96,0.015,0.93,0.985,0.0,0.0,23742.0,23742.0,24499.0,14795.0,1.0
theta[20],0.981,0.009,0.963,0.996,0.0,0.0,22934.0,22934.0,24502.0,14786.0,1.0
theta[21],0.991,0.006,0.98,0.999,0.0,0.0,21976.0,21976.0,24506.0,14717.0,1.0
theta[22],0.09,0.024,0.045,0.134,0.0,0.0,24425.0,21496.0,25469.0,14401.0,1.0
theta[23],0.126,0.028,0.073,0.177,0.0,0.0,24934.0,22745.0,25563.0,14318.0,1.0
theta[24],0.176,0.031,0.117,0.233,0.0,0.0,25421.0,24005.0,25721.0,14466.0,1.0
theta[25],0.248,0.032,0.187,0.308,0.0,0.0,25945.0,25239.0,26026.0,14151.0,1.0
theta[26],0.35,0.03,0.294,0.408,0.0,0.0,26706.0,26538.0,26679.0,14482.0,1.0
theta[27],0.496,0.027,0.445,0.547,0.0,0.0,27839.0,27839.0,27871.0,14739.0,1.0
theta[28],0.641,0.03,0.584,0.698,0.0,0.0,27531.0,27531.0,27564.0,15110.0,1.0
theta[29],0.744,0.032,0.681,0.803,0.0,0.0,26826.0,26826.0,26913.0,15116.0,1.0
theta[30],0.817,0.031,0.756,0.873,0.0,0.0,26346.0,26346.0,26629.0,14733.0,1.0
theta[31],0.869,0.028,0.816,0.921,0.0,0.0,25863.0,25863.0,26448.0,14294.0,1.0
theta[32],0.906,0.025,0.859,0.949,0.0,0.0,25343.0,25343.0,26333.0,14442.0,1.0
theta[33],0.119,0.028,0.068,0.172,0.0,0.0,25053.0,21791.0,26384.0,14800.0,1.0
theta[34],0.161,0.031,0.103,0.219,0.0,0.0,25566.0,23061.0,26398.0,14369.0,1.0
theta[35],0.218,0.034,0.153,0.279,0.0,0.0,25976.0,24316.0,26430.0,14780.0,1.0
theta[36],0.296,0.034,0.232,0.357,0.0,0.0,26288.0,25345.0,26474.0,14577.0,1.0
theta[37],0.402,0.031,0.345,0.46,0.0,0.0,26435.0,26030.0,26484.0,15505.0,1.0
theta[38],0.547,0.027,0.497,0.597,0.0,0.0,25936.0,25725.0,25942.0,14678.0,1.0
theta[39],0.688,0.029,0.635,0.745,0.0,0.0,26010.0,25916.0,25966.0,15423.0,1.0
theta[40],0.785,0.03,0.727,0.841,0.0,0.0,25717.0,25717.0,25787.0,15549.0,1.0
theta[41],0.851,0.028,0.797,0.903,0.0,0.0,25233.0,25233.0,25597.0,15472.0,1.0
theta[42],0.897,0.025,0.849,0.942,0.0,0.0,24706.0,24706.0,25480.0,15209.0,1.0
theta[43],0.928,0.021,0.889,0.965,0.0,0.0,24130.0,24130.0,25429.0,15053.0,1.0
theta[44],0.057,0.018,0.026,0.09,0.0,0.0,26110.0,20341.0,28991.0,14380.0,1.0
theta[45],0.088,0.022,0.049,0.131,0.0,0.0,27316.0,22533.0,29229.0,14381.0,1.0
theta[46],0.139,0.027,0.087,0.189,0.0,0.0,28483.0,24875.0,29490.0,14100.0,1.0
theta[47],0.218,0.031,0.161,0.277,0.0,0.0,29620.0,27461.0,29897.0,13388.0,1.0
theta[48],0.344,0.031,0.286,0.403,0.0,0.0,30430.0,29718.0,30445.0,13916.0,1.0
theta[49],0.545,0.029,0.49,0.598,0.0,0.0,28178.0,28163.0,28181.0,15144.0,1.0
theta[50],0.738,0.032,0.677,0.797,0.0,0.0,25035.0,25035.0,25091.0,13637.0,1.0
theta[51],0.848,0.029,0.791,0.901,0.0,0.0,24336.0,24336.0,24590.0,13712.0,1.0
theta[52],0.911,0.024,0.866,0.953,0.0,0.0,23791.0,23791.0,24452.0,13988.0,1.0
theta[53],0.948,0.018,0.915,0.979,0.0,0.0,23148.0,23148.0,24406.0,13905.0,1.0
theta[54],0.969,0.013,0.945,0.99,0.0,0.0,22399.0,22399.0,24382.0,14030.0,1.0
theta[55],0.193,0.036,0.128,0.261,0.0,0.0,27417.0,25397.0,27641.0,12595.0,1.0
theta[56],0.253,0.038,0.183,0.325,0.0,0.0,27549.0,26298.0,27585.0,12664.0,1.0
theta[57],0.334,0.039,0.262,0.408,0.0,0.0,27525.0,26923.0,27480.0,12957.0,1.0
theta[58],0.44,0.037,0.372,0.51,0.0,0.0,27109.0,26962.0,27093.0,13731.0,1.0
theta[59],0.581,0.031,0.522,0.637,0.0,0.0,25357.0,25357.0,25344.0,15347.0,1.0
theta[60],0.768,0.026,0.719,0.816,0.0,0.0,19578.0,19454.0,19475.0,14433.0,1.0
theta[61],0.907,0.024,0.863,0.95,0.0,0.0,19236.0,19181.0,18894.0,12747.0,1.0
theta[62],0.961,0.016,0.932,0.987,0.0,0.0,19594.0,19594.0,19182.0,13006.0,1.0
theta[63],0.984,0.009,0.967,0.998,0.0,0.0,19445.0,19445.0,19374.0,12962.0,1.0
theta[64],0.993,0.005,0.984,1.0,0.0,0.0,18954.0,18954.0,19496.0,13170.0,1.0
theta[65],0.997,0.003,0.992,1.0,0.0,0.0,18303.0,18303.0,19575.0,13215.0,1.0
theta[66],0.032,0.013,0.011,0.056,0.0,0.0,21605.0,18026.0,22754.0,14784.0,1.0
theta[67],0.054,0.018,0.023,0.087,0.0,0.0,22091.0,19339.0,22745.0,14805.0,1.0
theta[68],0.091,0.023,0.049,0.135,0.0,0.0,22455.0,20657.0,22745.0,14830.0,1.0
theta[69],0.155,0.028,0.1,0.206,0.0,0.0,22698.0,21804.0,22763.0,14382.0,1.0
theta[70],0.263,0.031,0.206,0.322,0.0,0.0,22987.0,22711.0,22982.0,13837.0,1.0
theta[71],0.451,0.028,0.397,0.504,0.0,0.0,24775.0,24679.0,24739.0,14258.0,1.0
theta[72],0.647,0.032,0.585,0.706,0.0,0.0,27500.0,27500.0,27512.0,14274.0,1.0
theta[73],0.772,0.032,0.712,0.833,0.0,0.0,27666.0,27666.0,27876.0,14512.0,1.0
theta[74],0.853,0.029,0.799,0.907,0.0,0.0,27230.0,27230.0,27835.0,14730.0,1.0
theta[75],0.904,0.024,0.86,0.949,0.0,0.0,26566.0,26566.0,27765.0,14550.0,1.0
theta[76],0.938,0.019,0.902,0.973,0.0,0.0,25753.0,25753.0,27697.0,14529.0,1.0
theta[77],0.084,0.023,0.042,0.126,0.0,0.0,23154.0,20204.0,24343.0,13859.0,1.0
theta[78],0.122,0.027,0.075,0.175,0.0,0.0,23739.0,21471.0,24497.0,14025.0,1.0
theta[79],0.178,0.031,0.121,0.237,0.0,0.0,24343.0,22794.0,24753.0,14284.0,1.0
theta[80],0.26,0.033,0.199,0.324,0.0,0.0,25033.0,24155.0,25191.0,14640.0,1.0
theta[81],0.381,0.032,0.325,0.443,0.0,0.0,25944.0,25575.0,25971.0,14075.0,1.0
theta[82],0.561,0.028,0.507,0.611,0.0,0.0,25920.0,25784.0,25912.0,14776.0,1.0
theta[83],0.731,0.03,0.675,0.786,0.0,0.0,23887.0,23858.0,23890.0,14555.0,1.0
theta[84],0.835,0.028,0.782,0.888,0.0,0.0,23026.0,23026.0,23126.0,14053.0,1.0
theta[85],0.898,0.024,0.854,0.943,0.0,0.0,22459.0,22459.0,22825.0,14143.0,1.0
theta[86],0.937,0.019,0.902,0.971,0.0,0.0,21918.0,21918.0,22669.0,14400.0,1.0
theta[87],0.961,0.014,0.934,0.986,0.0,0.0,21351.0,21351.0,22579.0,14527.0,1.0
theta[88],0.071,0.02,0.035,0.11,0.0,0.0,27300.0,23528.0,28230.0,15039.0,1.0
theta[89],0.106,0.025,0.06,0.152,0.0,0.0,27786.0,25081.0,28266.0,14779.0,1.0
theta[90],0.158,0.029,0.105,0.213,0.0,0.0,28118.0,26506.0,28302.0,14645.0,1.0
theta[91],0.236,0.032,0.177,0.295,0.0,0.0,28213.0,27534.0,28243.0,14975.0,1.0
theta[92],0.354,0.031,0.295,0.41,0.0,0.0,27746.0,27616.0,27758.0,14688.0,1.0
theta[93],0.532,0.028,0.481,0.586,0.0,0.0,24723.0,24657.0,24707.0,15407.0,1.0
theta[94],0.706,0.031,0.648,0.765,0.0,0.0,23788.0,23737.0,23758.0,13618.0,1.0
theta[95],0.814,0.031,0.757,0.871,0.0,0.0,24027.0,24027.0,24044.0,14098.0,1.0
theta[96],0.882,0.027,0.831,0.929,0.0,0.0,23920.0,23920.0,24071.0,14339.0,1.0
theta[97],0.925,0.022,0.885,0.964,0.0,0.0,23669.0,23669.0,24165.0,14338.0,1.0
theta[98],0.952,0.017,0.921,0.981,0.0,0.0,23255.0,23255.0,24238.0,14111.0,1.0
theta[99],0.532,0.049,0.44,0.625,0.0,0.0,28411.0,27694.0,28366.0,14281.0,1.0
theta[100],0.583,0.045,0.499,0.666,0.0,0.0,28547.0,28065.0,28434.0,13866.0,1.0
theta[101],0.638,0.039,0.567,0.712,0.0,0.0,28632.0,28356.0,28517.0,13805.0,1.0
theta[102],0.699,0.032,0.64,0.759,0.0,0.0,28563.0,28445.0,28459.0,13837.0,1.0
theta[103],0.766,0.024,0.722,0.813,0.0,0.0,27805.0,27805.0,27803.0,15009.0,1.0
theta[104],0.84,0.02,0.803,0.876,0.0,0.0,25027.0,25020.0,24975.0,15760.0,1.0
theta[105],0.901,0.019,0.864,0.936,0.0,0.0,24146.0,24146.0,24153.0,14413.0,1.0
theta[106],0.938,0.017,0.905,0.969,0.0,0.0,23907.0,23907.0,24298.0,14385.0,1.0
theta[107],0.961,0.015,0.933,0.986,0.0,0.0,23111.0,23111.0,24262.0,14478.0,1.0
theta[108],0.975,0.012,0.952,0.994,0.0,0.0,22411.0,22411.0,24255.0,14596.0,1.0
theta[109],0.984,0.009,0.967,0.998,0.0,0.0,21373.0,21373.0,24269.0,14543.0,1.0
theta[110],0.216,0.037,0.148,0.288,0.0,0.0,27152.0,24867.0,27832.0,14064.0,1.0
theta[111],0.256,0.037,0.189,0.328,0.0,0.0,27396.0,25783.0,27780.0,14077.0,1.0
theta[112],0.304,0.035,0.239,0.372,0.0,0.0,27501.0,26495.0,27667.0,14093.0,1.0
theta[113],0.362,0.032,0.301,0.424,0.0,0.0,27376.0,26842.0,27409.0,14105.0,1.0
theta[114],0.43,0.028,0.378,0.484,0.0,0.0,26855.0,26593.0,26870.0,14338.0,1.0
theta[115],0.513,0.026,0.464,0.562,0.0,0.0,26060.0,25890.0,26086.0,13689.0,1.0
theta[116],0.594,0.029,0.54,0.651,0.0,0.0,26062.0,25993.0,26085.0,14005.0,1.0
theta[117],0.662,0.033,0.601,0.727,0.0,0.0,26275.0,26275.0,26358.0,13894.0,1.0
theta[118],0.718,0.036,0.651,0.787,0.0,0.0,26318.0,26318.0,26545.0,14323.0,1.0
theta[119],0.765,0.038,0.693,0.833,0.0,0.0,26203.0,26203.0,26648.0,14546.0,1.0
theta[120],0.804,0.038,0.73,0.87,0.0,0.0,25971.0,25971.0,26719.0,14571.0,1.0
theta[121],0.34,0.046,0.253,0.424,0.0,0.0,26083.0,24784.0,26352.0,14251.0,1.0
theta[122],0.388,0.043,0.305,0.468,0.0,0.0,26374.0,25536.0,26475.0,14079.0,1.0
theta[123],0.444,0.04,0.368,0.516,0.0,0.0,26614.0,26187.0,26605.0,14309.0,1.0
theta[124],0.509,0.035,0.443,0.572,0.0,0.0,26686.0,26408.0,26644.0,13689.0,1.0
theta[125],0.583,0.029,0.53,0.638,0.0,0.0,26164.0,26088.0,26157.0,14313.0,1.0
theta[126],0.668,0.025,0.62,0.714,0.0,0.0,24113.0,24111.0,24101.0,14059.0,1.0
theta[127],0.747,0.027,0.697,0.797,0.0,0.0,22659.0,22659.0,22764.0,14283.0,1.0
theta[128],0.807,0.028,0.754,0.86,0.0,0.0,22277.0,22277.0,22529.0,14512.0,1.0
theta[129],0.853,0.028,0.797,0.903,0.0,0.0,22007.0,22007.0,22517.0,14060.0,1.0
theta[130],0.887,0.027,0.836,0.937,0.0,0.0,21674.0,21674.0,22565.0,14118.0,1.0
theta[131],0.913,0.025,0.866,0.957,0.0,0.0,21264.0,21264.0,22613.0,14357.0,1.0
theta[132],0.212,0.037,0.143,0.282,0.0,0.0,26871.0,24394.0,27638.0,14488.0,1.0
theta[133],0.256,0.037,0.187,0.327,0.0,0.0,27490.0,25662.0,27954.0,14714.0,1.0
theta[134],0.31,0.036,0.243,0.379,0.0,0.0,28227.0,27016.0,28463.0,14990.0,1.0
theta[135],0.375,0.033,0.312,0.437,0.0,0.0,29247.0,28562.0,29317.0,14316.0,1.0
theta[136],0.454,0.029,0.399,0.508,0.0,0.0,30654.0,30341.0,30641.0,14099.0,1.0
theta[137],0.551,0.026,0.503,0.603,0.0,0.0,32028.0,31769.0,32001.0,14403.0,1.0
theta[138],0.646,0.03,0.59,0.7,0.0,0.0,30537.0,30393.0,30503.0,13884.0,1.0
theta[139],0.72,0.033,0.658,0.78,0.0,0.0,29188.0,29188.0,29242.0,14204.0,1.0
theta[140],0.778,0.034,0.714,0.84,0.0,0.0,28285.0,28285.0,28537.0,14372.0,1.0
theta[141],0.824,0.034,0.761,0.886,0.0,0.0,27568.0,27568.0,28114.0,14539.0,1.0
theta[142],0.86,0.032,0.801,0.919,0.0,0.0,26916.0,26916.0,27849.0,14369.0,1.0
theta[143],0.142,0.031,0.085,0.199,0.0,0.0,27784.0,24647.0,28623.0,13003.0,1.0
theta[144],0.19,0.034,0.129,0.255,0.0,0.0,28292.0,26051.0,28777.0,12899.0,1.0
theta[145],0.256,0.036,0.191,0.324,0.0,0.0,28720.0,27359.0,28940.0,13210.0,1.0
theta[146],0.346,0.035,0.281,0.413,0.0,0.0,28959.0,28348.0,29036.0,13345.0,1.0
theta[147],0.467,0.031,0.411,0.527,0.0,0.0,28377.0,28223.0,28410.0,14012.0,1.0
theta[148],0.632,0.027,0.58,0.683,0.0,0.0,24470.0,24308.0,24414.0,14220.0,1.0
theta[149],0.781,0.029,0.724,0.834,0.0,0.0,22263.0,22064.0,22046.0,12828.0,1.0
theta[150],0.869,0.027,0.817,0.918,0.0,0.0,22224.0,22151.0,21888.0,12515.0,1.0
theta[151],0.921,0.022,0.879,0.961,0.0,0.0,22089.0,22089.0,21968.0,13108.0,1.0
theta[152],0.952,0.017,0.921,0.982,0.0,0.0,21729.0,21729.0,22036.0,13292.0,1.0
theta[153],0.971,0.013,0.948,0.992,0.0,0.0,21238.0,21238.0,22089.0,13367.0,1.0
theta[154],0.073,0.02,0.037,0.112,0.0,0.0,27037.0,22889.0,28644.0,14391.0,1.0
theta[155],0.109,0.025,0.064,0.156,0.0,0.0,27688.0,24527.0,28690.0,14496.0,1.0
theta[156],0.163,0.029,0.109,0.217,0.0,0.0,28232.0,26144.0,28753.0,15130.0,1.0
theta[157],0.243,0.032,0.184,0.301,0.0,0.0,28617.0,27540.0,28803.0,15499.0,1.0
theta[158],0.365,0.031,0.307,0.421,0.0,0.0,28608.0,28287.0,28623.0,15550.0,1.0
theta[159],0.549,0.028,0.496,0.6,0.0,0.0,26620.0,26613.0,26638.0,15317.0,1.0
theta[160],0.726,0.031,0.666,0.783,0.0,0.0,24919.0,24919.0,24911.0,15107.0,1.0
theta[161],0.833,0.03,0.777,0.887,0.0,0.0,24936.0,24936.0,25068.0,14991.0,1.0
theta[162],0.897,0.025,0.85,0.942,0.0,0.0,24758.0,24758.0,25156.0,15418.0,1.0
theta[163],0.937,0.02,0.901,0.972,0.0,0.0,24420.0,24420.0,25231.0,15625.0,1.0
theta[164],0.961,0.015,0.933,0.986,0.0,0.0,23944.0,23944.0,25280.0,15348.0,1.0
theta[165],0.345,0.046,0.259,0.43,0.0,0.0,31049.0,29330.0,31342.0,14400.0,1.0
theta[166],0.4,0.044,0.318,0.482,0.0,0.0,31365.0,30171.0,31485.0,14553.0,1.0
theta[167],0.464,0.04,0.39,0.541,0.0,0.0,31632.0,30899.0,31626.0,14540.0,1.0
theta[168],0.539,0.035,0.475,0.606,0.0,0.0,31721.0,31356.0,31669.0,14660.0,1.0
theta[169],0.626,0.028,0.573,0.679,0.0,0.0,31034.0,30901.0,31011.0,14830.0,1.0
theta[170],0.728,0.024,0.683,0.771,0.0,0.0,27688.0,27608.0,27585.0,15819.0,1.0
theta[171],0.818,0.024,0.773,0.864,0.0,0.0,25078.0,25040.0,24973.0,15263.0,1.0
theta[172],0.878,0.024,0.832,0.921,0.0,0.0,25283.0,25283.0,25289.0,14569.0,1.0
theta[173],0.917,0.021,0.877,0.956,0.0,0.0,25075.0,25075.0,25347.0,14792.0,1.0
theta[174],0.944,0.018,0.909,0.976,0.0,0.0,24732.0,24732.0,25424.0,15402.0,1.0
theta[175],0.962,0.015,0.933,0.987,0.0,0.0,24254.0,24254.0,25487.0,15417.0,1.0
theta[176],0.262,0.043,0.182,0.342,0.0,0.0,24817.0,22533.0,25763.0,14154.0,1.0
theta[177],0.297,0.041,0.219,0.372,0.0,0.0,25266.0,23554.0,25844.0,14586.0,1.0
theta[178],0.338,0.038,0.268,0.41,0.0,0.0,25630.0,24495.0,25899.0,14696.0,1.0
theta[179],0.384,0.033,0.324,0.449,0.0,0.0,25802.0,25187.0,25901.0,15011.0,1.0
theta[180],0.437,0.029,0.383,0.491,0.0,0.0,25528.0,25269.0,25539.0,14633.0,1.0
theta[181],0.498,0.026,0.45,0.548,0.0,0.0,24641.0,24477.0,24632.0,14260.0,1.0
theta[182],0.559,0.029,0.504,0.613,0.0,0.0,24140.0,24041.0,24139.0,14417.0,1.0
theta[183],0.613,0.034,0.548,0.676,0.0,0.0,24016.0,24016.0,24047.0,13933.0,1.0
theta[184],0.659,0.038,0.586,0.729,0.0,0.0,23869.0,23869.0,24014.0,13712.0,1.0
theta[185],0.7,0.041,0.623,0.778,0.0,0.0,23639.0,23639.0,23998.0,13772.0,1.0
theta[186],0.735,0.044,0.653,0.816,0.0,0.0,23340.0,23340.0,23989.0,13347.0,1.0
theta[187],0.307,0.045,0.223,0.389,0.0,0.0,23440.0,21725.0,24045.0,12886.0,1.0
theta[188],0.352,0.043,0.273,0.432,0.0,0.0,23896.0,22591.0,24227.0,12829.0,1.0
theta[189],0.404,0.039,0.33,0.477,0.0,0.0,24460.0,23547.0,24581.0,13030.0,1.0
theta[190],0.463,0.034,0.396,0.525,0.0,0.0,25240.0,24721.0,25232.0,13489.0,1.0
theta[191],0.532,0.029,0.477,0.586,0.0,0.0,26033.0,25952.0,26105.0,14006.0,1.0
theta[192],0.612,0.025,0.564,0.659,0.0,0.0,26137.0,26072.0,26137.0,14980.0,1.0
theta[193],0.688,0.028,0.636,0.738,0.0,0.0,24722.0,24722.0,24752.0,13478.0,1.0
theta[194],0.749,0.03,0.692,0.806,0.0,0.0,23821.0,23821.0,24020.0,14961.0,1.0
theta[195],0.798,0.032,0.737,0.856,0.0,0.0,23226.0,23226.0,23735.0,14653.0,1.0
theta[196],0.837,0.032,0.777,0.895,0.0,0.0,22546.0,22546.0,23456.0,14239.0,1.0
theta[197],0.868,0.031,0.809,0.923,0.0,0.0,21918.0,21918.0,23290.0,13885.0,1.0
theta[198],0.037,0.013,0.014,0.061,0.0,0.0,22673.0,19439.0,23710.0,14854.0,1.0
theta[199],0.063,0.018,0.03,0.096,0.0,0.0,23286.0,20811.0,23869.0,14680.0,1.0
theta[200],0.106,0.024,0.062,0.15,0.0,0.0,23874.0,22287.0,24140.0,14325.0,1.0
theta[201],0.179,0.029,0.126,0.234,0.0,0.0,24557.0,23786.0,24555.0,14415.0,1.0
theta[202],0.305,0.031,0.248,0.364,0.0,0.0,25460.0,25416.0,25372.0,14205.0,1.0
theta[203],0.522,0.029,0.469,0.576,0.0,0.0,26150.0,26126.0,26170.0,14469.0,1.0
theta[204],0.734,0.032,0.672,0.791,0.0,0.0,23877.0,23877.0,23898.0,14244.0,1.0
theta[205],0.851,0.028,0.797,0.904,0.0,0.0,22972.0,22972.0,23189.0,14369.0,1.0
theta[206],0.916,0.022,0.875,0.957,0.0,0.0,22300.0,22300.0,22902.0,14381.0,1.0
theta[207],0.953,0.016,0.922,0.98,0.0,0.0,21610.0,21610.0,22765.0,14635.0,1.0
theta[208],0.973,0.011,0.952,0.992,0.0,0.0,20871.0,20871.0,22683.0,14580.0,1.0
theta[209],0.16,0.033,0.101,0.223,0.0,0.0,29017.0,26123.0,29605.0,14201.0,1.0
theta[210],0.218,0.036,0.152,0.287,0.0,0.0,29305.0,27355.0,29609.0,14035.0,1.0
theta[211],0.297,0.038,0.225,0.368,0.0,0.0,29430.0,28353.0,29540.0,13810.0,1.0
theta[212],0.404,0.037,0.335,0.473,0.0,0.0,29264.0,28759.0,29294.0,13770.0,1.0
theta[213],0.552,0.031,0.491,0.61,0.0,0.0,26640.0,26640.0,26755.0,15060.0,1.0
theta[214],0.754,0.027,0.704,0.804,0.0,0.0,21975.0,21759.0,21792.0,14959.0,1.0
theta[215],0.905,0.024,0.86,0.95,0.0,0.0,22377.0,22251.0,21809.0,13580.0,1.0
theta[216],0.962,0.016,0.933,0.989,0.0,0.0,22837.0,22835.0,22097.0,14080.0,1.0
theta[217],0.985,0.009,0.968,0.998,0.0,0.0,22564.0,22564.0,22260.0,13822.0,1.0
theta[218],0.994,0.005,0.985,1.0,0.0,0.0,21844.0,21844.0,22361.0,13957.0,1.0
theta[219],0.997,0.003,0.993,1.0,0.0,0.0,20944.0,20944.0,22425.0,13969.0,1.0
theta[220],0.041,0.014,0.017,0.067,0.0,0.0,26828.0,20616.0,29665.0,13964.0,1.0
theta[221],0.069,0.019,0.035,0.104,0.0,0.0,27974.0,22890.0,29780.0,13944.0,1.0
theta[222],0.116,0.025,0.071,0.163,0.0,0.0,29008.0,25424.0,29940.0,14022.0,1.0
theta[223],0.197,0.03,0.141,0.253,0.0,0.0,29863.0,27957.0,30163.0,13873.0,1.0
theta[224],0.337,0.031,0.278,0.396,0.0,0.0,30179.0,29727.0,30201.0,13972.0,1.0
theta[225],0.577,0.03,0.521,0.631,0.0,0.0,26369.0,26292.0,26365.0,16376.0,1.0
theta[226],0.796,0.032,0.736,0.857,0.0,0.0,24653.0,24510.0,24466.0,14352.0,1.0
theta[227],0.901,0.026,0.855,0.949,0.0,0.0,24612.0,24612.0,24346.0,14359.0,1.0
theta[228],0.951,0.018,0.919,0.982,0.0,0.0,24347.0,24347.0,24327.0,14554.0,1.0
theta[229],0.976,0.011,0.955,0.994,0.0,0.0,23783.0,23783.0,24333.0,14734.0,1.0
theta[230],0.988,0.007,0.976,0.999,0.0,0.0,23001.0,23001.0,24340.0,14825.0,1.0
theta[231],0.011,0.006,0.002,0.021,0.0,0.0,20321.0,15986.0,22798.0,13932.0,1.0
theta[232],0.022,0.01,0.006,0.04,0.0,0.0,21306.0,17412.0,22784.0,13972.0,1.0
theta[233],0.045,0.016,0.017,0.074,0.0,0.0,22186.0,19217.0,22789.0,13792.0,1.0
theta[234],0.095,0.024,0.053,0.141,0.0,0.0,22735.0,21259.0,22789.0,13891.0,1.0
theta[235],0.201,0.031,0.145,0.259,0.0,0.0,23014.0,22824.0,22921.0,14436.0,1.0
theta[236],0.432,0.03,0.377,0.489,0.0,0.0,24354.0,24286.0,24358.0,14683.0,1.0
theta[237],0.682,0.033,0.618,0.744,0.0,0.0,26807.0,26573.0,26740.0,14140.0,1.0
theta[238],0.821,0.031,0.762,0.878,0.0,0.0,26914.0,26904.0,26831.0,14043.0,1.0
theta[239],0.899,0.024,0.851,0.942,0.0,0.0,26596.0,26596.0,26723.0,14334.0,1.0
theta[240],0.942,0.018,0.909,0.975,0.0,0.0,26010.0,26010.0,26634.0,14362.0,1.0
theta[241],0.967,0.013,0.943,0.989,0.0,0.0,25244.0,25244.0,26561.0,14271.0,1.0
theta[242],0.043,0.015,0.017,0.073,0.0,0.0,25037.0,20924.0,26458.0,15225.0,1.0
theta[243],0.069,0.02,0.034,0.107,0.0,0.0,25591.0,22463.0,26392.0,15724.0,1.0
theta[244],0.111,0.025,0.067,0.159,0.0,0.0,25965.0,23962.0,26306.0,15717.0,1.0
theta[245],0.178,0.029,0.123,0.232,0.0,0.0,26104.0,25166.0,26156.0,15675.0,1.0
theta[246],0.286,0.03,0.229,0.343,0.0,0.0,25953.0,25724.0,25914.0,15711.0,1.0
theta[247],0.464,0.028,0.409,0.514,0.0,0.0,26370.0,26357.0,26330.0,14186.0,1.0
theta[248],0.646,0.032,0.587,0.705,0.0,0.0,27873.0,27787.0,27844.0,15024.0,1.0
theta[249],0.766,0.032,0.704,0.826,0.0,0.0,28219.0,28219.0,28220.0,14971.0,1.0
theta[250],0.845,0.029,0.789,0.899,0.0,0.0,28163.0,28163.0,28337.0,14643.0,1.0
theta[251],0.897,0.025,0.85,0.943,0.0,0.0,27865.0,27865.0,28372.0,14374.0,1.0
theta[252],0.931,0.02,0.893,0.968,0.0,0.0,27387.0,27387.0,28396.0,14373.0,1.0
theta[253],0.053,0.017,0.023,0.084,0.0,0.0,26527.0,21083.0,28872.0,14186.0,1.0
theta[254],0.085,0.023,0.046,0.129,0.0,0.0,27382.0,22982.0,28890.0,13976.0,1.0
theta[255],0.139,0.028,0.087,0.193,0.0,0.0,28062.0,24981.0,28866.0,13915.0,1.0
theta[256],0.227,0.033,0.169,0.292,0.0,0.0,28416.0,26739.0,28718.0,13747.0,1.0
theta[257],0.372,0.033,0.311,0.435,0.0,0.0,27809.0,27296.0,27843.0,13789.0,1.0
theta[258],0.612,0.029,0.557,0.667,0.0,0.0,23251.0,23101.0,23212.0,15776.0,1.0
theta[259],0.822,0.03,0.765,0.877,0.0,0.0,22113.0,21965.0,21898.0,14346.0,1.0
theta[260],0.918,0.023,0.875,0.959,0.0,0.0,22529.0,22499.0,22108.0,14109.0,1.0
theta[261],0.961,0.015,0.934,0.987,0.0,0.0,22575.0,22575.0,22261.0,14144.0,1.0
theta[262],0.982,0.009,0.965,0.996,0.0,0.0,22261.0,22261.0,22373.0,14314.0,1.0
theta[263],0.991,0.005,0.981,0.999,0.0,0.0,21696.0,21696.0,22451.0,14218.0,1.0
theta[264],0.026,0.011,0.009,0.046,0.0,0.0,25039.0,19813.0,26788.0,12876.0,1.0
theta[265],0.047,0.016,0.02,0.077,0.0,0.0,25929.0,21783.0,26824.0,12883.0,1.0
theta[266],0.086,0.022,0.046,0.128,0.0,0.0,26614.0,23949.0,26816.0,13344.0,1.0
theta[267],0.159,0.029,0.104,0.212,0.0,0.0,26905.0,25891.0,26806.0,13861.0,1.0
theta[268],0.293,0.033,0.23,0.352,0.0,0.0,26656.0,26656.0,26599.0,14317.0,1.0
theta[269],0.544,0.03,0.488,0.601,0.0,0.0,25156.0,25156.0,25159.0,15123.0,1.0
theta[270],0.782,0.032,0.724,0.843,0.0,0.0,24347.0,24274.0,24269.0,14370.0,1.0
theta[271],0.895,0.025,0.847,0.94,0.0,0.0,24424.0,24424.0,24402.0,14436.0,1.0
theta[272],0.949,0.017,0.917,0.979,0.0,0.0,24252.0,24252.0,24471.0,14930.0,1.0
theta[273],0.975,0.011,0.954,0.992,0.0,0.0,23437.0,23437.0,24515.0,15114.0,1.0
theta[274],0.988,0.007,0.975,0.998,0.0,0.0,22495.0,22495.0,24551.0,15008.0,1.0
theta[275],0.191,0.036,0.125,0.26,0.0,0.0,29548.0,26737.0,30250.0,14225.0,1.0
theta[276],0.252,0.039,0.181,0.325,0.0,0.0,29844.0,27876.0,30236.0,14064.0,1.0
theta[277],0.332,0.04,0.259,0.406,0.0,0.0,29974.0,28810.0,30136.0,14256.0,1.0
theta[278],0.439,0.037,0.368,0.508,0.0,0.0,29662.0,29123.0,29697.0,14659.0,1.0
theta[279],0.58,0.031,0.522,0.639,0.0,0.0,27667.0,27534.0,27644.0,16194.0,1.0
theta[280],0.769,0.026,0.721,0.817,0.0,0.0,21304.0,21243.0,21217.0,15817.0,1.0
theta[281],0.908,0.023,0.865,0.95,0.0,0.0,20767.0,20753.0,20596.0,14129.0,1.0
theta[282],0.963,0.015,0.935,0.989,0.0,0.0,20816.0,20816.0,20826.0,14327.0,1.0
theta[283],0.984,0.009,0.969,0.998,0.0,0.0,20483.0,20483.0,20990.0,14369.0,1.0
theta[284],0.993,0.005,0.985,1.0,0.0,0.0,19908.0,19908.0,21092.0,14657.0,1.0
theta[285],0.997,0.003,0.993,1.0,0.0,0.0,19247.0,19247.0,21166.0,14613.0,1.0
theta[286],0.11,0.028,0.059,0.161,0.0,0.0,26205.0,22598.0,27399.0,14448.0,1.0
theta[287],0.148,0.031,0.093,0.208,0.0,0.0,26511.0,23842.0,27248.0,14442.0,1.0
theta[288],0.2,0.033,0.139,0.262,0.0,0.0,26623.0,24878.0,27017.0,14279.0,1.0
theta[289],0.27,0.033,0.208,0.333,0.0,0.0,26434.0,25482.0,26610.0,14697.0,1.0
theta[290],0.367,0.031,0.307,0.422,0.0,0.0,25757.0,25331.0,25823.0,13618.0,1.0
theta[291],0.498,0.027,0.447,0.548,0.0,0.0,24897.0,24529.0,24932.0,13129.0,1.0
theta[292],0.63,0.03,0.573,0.686,0.0,0.0,24903.0,24796.0,24864.0,13924.0,1.0
theta[293],0.726,0.032,0.666,0.787,0.0,0.0,26124.0,26124.0,26179.0,14914.0,1.0
theta[294],0.797,0.032,0.737,0.859,0.0,0.0,26520.0,26520.0,26813.0,14694.0,1.0
theta[295],0.849,0.03,0.794,0.906,0.0,0.0,26459.0,26459.0,27026.0,14607.0,1.0
theta[296],0.888,0.027,0.836,0.937,0.0,0.0,26135.0,26135.0,27231.0,14570.0,1.0
theta[297],0.279,0.043,0.199,0.359,0.0,0.0,26554.0,24675.0,27053.0,14043.0,1.0
theta[298],0.325,0.042,0.246,0.402,0.0,0.0,26945.0,25572.0,27224.0,14079.0,1.0
theta[299],0.379,0.039,0.304,0.45,0.0,0.0,26831.0,26136.0,26918.0,13848.0,1.0
theta[300],0.442,0.035,0.377,0.508,0.0,0.0,27558.0,26907.0,27547.0,14071.0,1.0
theta[301],0.517,0.029,0.462,0.573,0.0,0.0,27949.0,27748.0,27966.0,13921.0,1.0
theta[302],0.603,0.026,0.555,0.652,0.0,0.0,27266.0,27225.0,27264.0,14708.0,1.0
theta[303],0.687,0.028,0.635,0.739,0.0,0.0,26460.0,26460.0,26494.0,15522.0,1.0
theta[304],0.752,0.03,0.695,0.809,0.0,0.0,26258.0,26258.0,26370.0,15469.0,1.0
theta[305],0.804,0.031,0.745,0.863,0.0,0.0,26070.0,26070.0,26368.0,15044.0,1.0
theta[306],0.844,0.031,0.785,0.902,0.0,0.0,25636.0,25636.0,26191.0,14593.0,1.0
theta[307],0.876,0.03,0.82,0.93,0.0,0.0,25179.0,25179.0,26090.0,14520.0,1.0
theta[308],0.004,0.003,0.0,0.01,0.0,0.0,23851.0,16420.0,28887.0,13118.0,1.0
theta[309],0.011,0.006,0.002,0.022,0.0,0.0,25966.0,18276.0,28994.0,13081.0,1.0
theta[310],0.028,0.012,0.008,0.051,0.0,0.0,27949.0,21213.0,29175.0,12964.0,1.0
theta[311],0.074,0.022,0.035,0.115,0.0,0.0,29379.0,25209.0,29476.0,12919.0,1.0
theta[312],0.195,0.033,0.135,0.259,0.0,0.0,30367.0,29226.0,30210.0,13668.0,1.0
theta[313],0.526,0.034,0.461,0.587,0.0,0.0,30529.0,30196.0,30531.0,13456.0,1.0
theta[314],0.842,0.033,0.781,0.902,0.0,0.0,26860.0,26794.0,26636.0,14735.0,1.0
theta[315],0.946,0.019,0.91,0.979,0.0,0.0,26188.0,26188.0,26188.0,14625.0,1.0
theta[316],0.981,0.01,0.963,0.996,0.0,0.0,24761.0,24761.0,26059.0,14583.0,1.0
theta[317],0.993,0.005,0.985,0.999,0.0,0.0,22937.0,22937.0,26006.0,14614.0,1.0
theta[318],0.998,0.002,0.994,1.0,0.0,0.0,21080.0,21080.0,25970.0,14658.0,1.0
theta[319],0.084,0.023,0.043,0.128,0.0,0.0,21591.0,20727.0,21740.0,15739.0,1.0
theta[320],0.133,0.03,0.08,0.189,0.0,0.0,21760.0,21187.0,21833.0,15925.0,1.0
theta[321],0.21,0.036,0.142,0.276,0.0,0.0,21946.0,21626.0,21972.0,15846.0,1.0
theta[322],0.334,0.039,0.262,0.408,0.0,0.0,22187.0,22058.0,22192.0,15551.0,1.0
theta[323],0.533,0.035,0.467,0.599,0.0,0.0,22360.0,22307.0,22348.0,15518.0,1.0
theta[324],0.852,0.026,0.804,0.9,0.0,0.0,15623.0,15405.0,14242.0,10977.0,1.0
theta[325],0.988,0.009,0.972,0.999,0.0,0.0,16399.0,16399.0,12065.0,7431.0,1.0
theta[326],0.999,0.002,0.996,1.0,0.0,0.0,15368.0,15368.0,11956.0,7254.0,1.0
theta[327],1.0,0.0,0.999,1.0,0.0,0.0,14488.0,14488.0,11914.0,7227.0,1.0
theta[328],1.0,0.0,1.0,1.0,0.0,0.0,14401.0,14400.0,11890.0,7182.0,1.0
theta[329],1.0,0.0,1.0,1.0,0.0,0.0,14805.0,14804.0,11877.0,7217.0,1.0
theta[330],0.309,0.046,0.223,0.394,0.0,0.0,20571.0,18598.0,21430.0,11987.0,1.0
theta[331],0.341,0.042,0.263,0.422,0.0,0.0,21185.0,19646.0,21708.0,12118.0,1.0
theta[332],0.378,0.038,0.307,0.45,0.0,0.0,21872.0,20785.0,22143.0,12127.0,1.0
theta[333],0.419,0.033,0.358,0.483,0.0,0.0,22653.0,21995.0,22646.0,13212.0,1.0
theta[334],0.464,0.029,0.41,0.518,0.0,0.0,23105.0,22826.0,23137.0,13516.0,1.0
theta[335],0.515,0.026,0.467,0.564,0.0,0.0,23303.0,23148.0,23315.0,13211.0,1.0
theta[336],0.565,0.028,0.511,0.617,0.0,0.0,22793.0,22788.0,22795.0,14011.0,1.0
theta[337],0.61,0.033,0.547,0.67,0.0,0.0,21781.0,21781.0,21866.0,15040.0,1.0
theta[338],0.65,0.038,0.581,0.722,0.0,0.0,20983.0,20983.0,21264.0,13404.0,1.0
theta[339],0.686,0.041,0.608,0.763,0.0,0.0,20329.0,20329.0,20896.0,12933.0,1.0
theta[340],0.718,0.044,0.633,0.799,0.0,0.0,19757.0,19757.0,20658.0,12554.0,1.0
theta[341],0.406,0.049,0.314,0.498,0.0,0.0,20745.0,18513.0,21211.0,10773.0,1.0
theta[342],0.432,0.044,0.353,0.517,0.0,0.0,21678.0,19900.0,21891.0,11872.0,1.0
theta[343],0.46,0.038,0.389,0.532,0.0,0.0,22926.0,21601.0,22951.0,12151.0,1.0
theta[344],0.489,0.033,0.429,0.551,0.0,0.0,24428.0,23743.0,24410.0,13804.0,1.0
theta[345],0.521,0.028,0.469,0.573,0.0,0.0,26081.0,25768.0,26089.0,14234.0,1.0
theta[346],0.555,0.026,0.506,0.601,0.0,0.0,27235.0,27021.0,27213.0,13660.0,1.0
theta[347],0.589,0.028,0.537,0.64,0.0,0.0,26327.0,26142.0,26279.0,13942.0,1.0
theta[348],0.619,0.032,0.562,0.681,0.0,0.0,24395.0,24395.0,24393.0,15265.0,1.0
theta[349],0.648,0.037,0.581,0.718,0.0,0.0,22759.0,22759.0,22964.0,13394.0,1.0
theta[350],0.674,0.041,0.596,0.751,0.0,0.0,21466.0,21466.0,21942.0,12378.0,1.0
theta[351],0.698,0.046,0.613,0.783,0.0,0.0,20359.0,20359.0,21201.0,11107.0,1.0
theta[352],0.239,0.042,0.161,0.32,0.0,0.0,25603.0,23152.0,26483.0,13932.0,1.0
theta[353],0.274,0.041,0.197,0.35,0.0,0.0,26256.0,24435.0,26767.0,14180.0,1.0
theta[354],0.314,0.038,0.244,0.387,0.0,0.0,26965.0,25780.0,27200.0,14694.0,1.0
theta[355],0.361,0.034,0.299,0.427,0.0,0.0,27788.0,27176.0,27868.0,15039.0,1.0
theta[356],0.415,0.029,0.357,0.468,0.0,0.0,28778.0,28542.0,28794.0,15373.0,1.0
theta[357],0.477,0.026,0.428,0.526,0.0,0.0,29432.0,29227.0,29420.0,14804.0,1.0
theta[358],0.54,0.029,0.488,0.593,0.0,0.0,28515.0,28388.0,28520.0,14872.0,1.0
theta[359],0.595,0.033,0.531,0.655,0.0,0.0,27466.0,27466.0,27505.0,14448.0,1.0
theta[360],0.643,0.038,0.573,0.715,0.0,0.0,26657.0,26657.0,26860.0,14450.0,1.0
theta[361],0.685,0.041,0.608,0.762,0.0,0.0,25991.0,25991.0,26477.0,14147.0,1.0
theta[362],0.722,0.043,0.637,0.8,0.0,0.0,25394.0,25394.0,26233.0,13818.0,1.0
theta[363],0.276,0.042,0.199,0.358,0.0,0.0,28371.0,25784.0,29236.0,13332.0,1.0
theta[364],0.321,0.041,0.246,0.401,0.0,0.0,29060.0,27099.0,29568.0,13277.0,1.0
theta[365],0.375,0.038,0.303,0.448,0.0,0.0,29775.0,28432.0,29994.0,13555.0,1.0
theta[366],0.438,0.034,0.376,0.506,0.0,0.0,30433.0,29661.0,30462.0,13832.0,1.0
theta[367],0.512,0.029,0.457,0.567,0.0,0.0,30485.0,30174.0,30460.0,14632.0,1.0
theta[368],0.599,0.026,0.549,0.646,0.0,0.0,28181.0,28149.0,28182.0,14651.0,1.0
theta[369],0.682,0.028,0.631,0.736,0.0,0.0,25682.0,25682.0,25753.0,14377.0,1.0
theta[370],0.748,0.031,0.69,0.806,0.0,0.0,24766.0,24766.0,25025.0,13960.0,1.0
theta[371],0.8,0.032,0.739,0.859,0.0,0.0,24216.0,24216.0,24748.0,14099.0,1.0
theta[372],0.841,0.032,0.78,0.899,0.0,0.0,23715.0,23715.0,24638.0,13854.0,1.0
theta[373],0.873,0.031,0.815,0.928,0.0,0.0,23187.0,23187.0,24598.0,13778.0,1.0
theta[374],0.31,0.046,0.223,0.396,0.0,0.0,16544.0,14629.0,17584.0,10550.0,1.0
theta[375],0.34,0.042,0.259,0.418,0.0,0.0,17561.0,16051.0,18203.0,11378.0,1.0
theta[376],0.373,0.038,0.303,0.444,0.0,0.0,18997.0,17959.0,19314.0,12640.0,1.0
theta[377],0.409,0.033,0.349,0.472,0.0,0.0,21398.0,20857.0,21426.0,14238.0,1.0
theta[378],0.449,0.028,0.397,0.502,0.0,0.0,24570.0,24570.0,24579.0,14995.0,1.0
theta[379],0.493,0.026,0.442,0.539,0.0,0.0,26563.0,26505.0,26571.0,14518.0,1.0
theta[380],0.537,0.029,0.484,0.591,0.0,0.0,24548.0,24446.0,24555.0,14053.0,1.0
theta[381],0.577,0.033,0.516,0.641,0.0,0.0,21856.0,21856.0,21860.0,13522.0,1.0
theta[382],0.613,0.038,0.544,0.687,0.0,0.0,19811.0,19811.0,19940.0,12336.0,1.0
theta[383],0.646,0.043,0.567,0.728,0.0,0.0,18473.0,18473.0,18882.0,11176.0,1.0
theta[384],0.676,0.047,0.589,0.762,0.0,0.0,17343.0,17343.0,18193.0,10650.0,1.0
theta[385],0.385,0.048,0.298,0.478,0.0,0.0,22357.0,20859.0,22812.0,13070.0,1.0
theta[386],0.415,0.043,0.335,0.498,0.0,0.0,23204.0,22140.0,23453.0,14086.0,1.0
theta[387],0.448,0.038,0.375,0.519,0.0,0.0,24326.0,23572.0,24411.0,15621.0,1.0
theta[388],0.483,0.033,0.421,0.544,0.0,0.0,25881.0,25490.0,25895.0,16290.0,1.0
theta[389],0.522,0.028,0.471,0.575,0.0,0.0,27757.0,27643.0,27762.0,16272.0,1.0
theta[390],0.564,0.026,0.517,0.613,0.0,0.0,28125.0,28064.0,28156.0,15062.0,1.0
theta[391],0.606,0.028,0.555,0.658,0.0,0.0,25738.0,25723.0,25776.0,15741.0,1.0
theta[392],0.643,0.032,0.582,0.702,0.0,0.0,23583.0,23583.0,23655.0,14308.0,1.0
theta[393],0.676,0.037,0.608,0.744,0.0,0.0,22207.0,22207.0,22383.0,13654.0,1.0
theta[394],0.706,0.041,0.632,0.782,0.0,0.0,21156.0,21156.0,21642.0,13169.0,1.0
theta[395],0.734,0.044,0.649,0.811,0.0,0.0,20143.0,20143.0,20805.0,13082.0,1.0
C_mean[0],41.768,1.437,38.995,44.365,0.009,0.006,25884.0,25715.0,25943.0,14361.0,1.0
C_mean[1],45.47,2.353,41.185,49.963,0.019,0.014,14790.0,14440.0,15081.0,12164.0,1.0
wp_mean[0],0.515,0.007,0.502,0.527,0.0,0.0,27478.0,27454.0,27495.0,15166.0,1.0
wp_mean[1],0.65,0.006,0.639,0.662,0.0,0.0,23798.0,23797.0,23792.0,15256.0,1.0
C_sd[0],25.673,2.105,21.848,29.643,0.014,0.01,22845.0,22034.0,23850.0,13912.0,1.0
C_sd[1],36.075,6.192,25.325,48.095,0.058,0.043,11372.0,10137.0,12149.0,6955.0,1.0
wp_sd[0],0.041,0.006,0.031,0.052,0.0,0.0,18124.0,18045.0,18126.0,15374.0,1.0
wp_sd[1],0.112,0.006,0.101,0.123,0.0,0.0,20921.0,20879.0,20934.0,15675.0,1.0
"vp[0,0]",0.036,0.005,0.027,0.045,0.0,0.0,24469.0,23157.0,25088.0,14420.0,1.0
"vp[0,1]",0.039,0.006,0.028,0.05,0.0,0.0,23962.0,22676.0,24604.0,14473.0,1.0
"vp[1,0]",0.017,0.002,0.013,0.022,0.0,0.0,25904.0,25137.0,25818.0,13939.0,1.0
"vp[1,1]",0.019,0.003,0.014,0.024,0.0,0.0,25478.0,25180.0,25183.0,14580.0,1.0
"vp[2,0]",0.028,0.004,0.021,0.035,0.0,0.0,24182.0,23301.0,24351.0,13878.0,1.0
"vp[2,1]",0.047,0.009,0.032,0.063,0.0,0.0,18930.0,17546.0,20002.0,13721.0,1.0
"vp[3,0]",0.022,0.003,0.017,0.028,0.0,0.0,26400.0,26024.0,26518.0,14939.0,1.0
"vp[3,1]",0.025,0.003,0.018,0.031,0.0,0.0,22267.0,21802.0,22241.0,14956.0,1.0
"vp[4,0]",0.023,0.003,0.017,0.03,0.0,0.0,24317.0,23229.0,24648.0,14208.0,1.0
"vp[4,1]",0.024,0.005,0.015,0.034,0.0,0.0,24211.0,22781.0,24450.0,14792.0,1.0
"vp[5,0]",0.009,0.002,0.006,0.012,0.0,0.0,27535.0,26833.0,27129.0,13784.0,1.0
"vp[5,1]",0.014,0.003,0.009,0.019,0.0,0.0,23497.0,23219.0,23125.0,13699.0,1.0
"vp[6,0]",0.012,0.002,0.008,0.016,0.0,0.0,27049.0,26336.0,26781.0,13799.0,1.0
"vp[6,1]",0.026,0.004,0.019,0.034,0.0,0.0,21756.0,20485.0,22459.0,14437.0,1.0
"vp[7,0]",0.025,0.004,0.019,0.032,0.0,0.0,25467.0,24531.0,25621.0,15219.0,1.0
"vp[7,1]",0.02,0.004,0.014,0.027,0.0,0.0,25897.0,24789.0,26012.0,15578.0,1.0
"vp[8,0]",0.007,0.001,0.004,0.009,0.0,0.0,25187.0,25187.0,24216.0,12380.0,1.0
"vp[8,1]",0.011,0.002,0.007,0.015,0.0,0.0,23418.0,23418.0,22727.0,13298.0,1.0
"vp[9,0]",0.03,0.004,0.022,0.037,0.0,0.0,22308.0,21727.0,22356.0,14157.0,1.0
"vp[9,1]",0.049,0.009,0.033,0.065,0.0,0.0,21117.0,19185.0,22690.0,14380.0,1.0
"vp[10,0]",0.037,0.005,0.027,0.047,0.0,0.0,23617.0,22245.0,24421.0,14740.0,1.0
"vp[10,1]",0.029,0.004,0.022,0.036,0.0,0.0,25742.0,24390.0,26141.0,14000.0,1.0
"vp[11,0]",0.021,0.003,0.016,0.026,0.0,0.0,28145.0,26885.0,28433.0,14104.0,1.0
"vp[11,1]",0.04,0.006,0.029,0.051,0.0,0.0,21841.0,20444.0,22812.0,14336.0,1.0
"vp[12,0]",0.037,0.005,0.028,0.047,0.0,0.0,24038.0,22685.0,24864.0,15025.0,1.0
"vp[12,1]",0.048,0.009,0.032,0.063,0.0,0.0,20783.0,19570.0,21553.0,15130.0,1.0
"vp[13,0]",0.015,0.002,0.011,0.02,0.0,0.0,28318.0,27505.0,28126.0,14530.0,1.0
"vp[13,1]",0.012,0.002,0.008,0.016,0.0,0.0,25894.0,25294.0,25708.0,14111.0,1.0
"vp[14,0]",0.056,0.008,0.041,0.072,0.0,0.0,24630.0,22833.0,25843.0,14572.0,1.0
"vp[14,1]",0.141,0.032,0.083,0.202,0.0,0.0,11618.0,9887.0,11797.0,7240.0,1.0
"vp[15,0]",0.006,0.001,0.003,0.008,0.0,0.0,21188.0,21188.0,20051.0,11380.0,1.0
"vp[15,1]",0.004,0.001,0.002,0.007,0.0,0.0,21068.0,21068.0,19005.0,8467.0,1.0
"vp[16,0]",0.006,0.001,0.004,0.009,0.0,0.0,26535.0,26535.0,25551.0,12539.0,1.0
"vp[16,1]",0.012,0.002,0.008,0.016,0.0,0.0,25329.0,25210.0,24753.0,13275.0,1.0
"vp[17,0]",0.005,0.001,0.002,0.007,0.0,0.0,17061.0,17061.0,16025.0,9086.0,1.0
"vp[17,1]",0.005,0.001,0.002,0.008,0.0,0.0,20616.0,20616.0,19554.0,10981.0,1.0
"vr[0,0]",0.033,0.004,0.026,0.042,0.0,0.0,27451.0,26326.0,27723.0,14747.0,1.0
"vr[0,1]",0.025,0.003,0.019,0.03,0.0,0.0,29262.0,27881.0,29658.0,15505.0,1.0
"vr[1,0]",0.017,0.002,0.013,0.022,0.0,0.0,25243.0,24729.0,25121.0,14267.0,1.0
"vr[1,1]",0.016,0.002,0.012,0.02,0.0,0.0,26585.0,26296.0,26170.0,15070.0,1.0
"vr[2,0]",0.023,0.003,0.018,0.029,0.0,0.0,27993.0,27062.0,27977.0,14097.0,1.0
"vr[2,1]",0.014,0.002,0.011,0.017,0.0,0.0,27311.0,25912.0,27665.0,13341.0,1.0
"vr[3,0]",0.027,0.004,0.02,0.034,0.0,0.0,22610.0,21780.0,22866.0,14396.0,1.0
"vr[3,1]",0.019,0.003,0.015,0.024,0.0,0.0,23826.0,23557.0,23640.0,13929.0,1.0
"vr[4,0]",0.02,0.003,0.015,0.025,0.0,0.0,27566.0,26342.0,27882.0,14804.0,1.0
"vr[4,1]",0.005,0.001,0.003,0.006,0.0,0.0,27993.0,27120.0,27753.0,14744.0,1.0
"vr[5,0]",0.009,0.002,0.006,0.012,0.0,0.0,28249.0,27500.0,27844.0,13625.0,1.0
"vr[5,1]",0.007,0.001,0.005,0.009,0.0,0.0,25928.0,25696.0,25425.0,13973.0,1.0
"vr[6,0]",0.01,0.002,0.007,0.013,0.0,0.0,26963.0,26351.0,26591.0,14124.0,1.0
"vr[6,1]",0.015,0.002,0.011,0.019,0.0,0.0,27574.0,26535.0,27665.0,13742.0,1.0
"vr[7,0]",0.021,0.003,0.016,0.025,0.0,0.0,28343.0,27568.0,28327.0,14679.0,1.0
"vr[7,1]",0.008,0.001,0.005,0.01,0.0,0.0,30636.0,29669.0,30369.0,15017.0,1.0
"vr[8,0]",0.007,0.001,0.004,0.009,0.0,0.0,26262.0,26262.0,25238.0,12538.0,1.0
"vr[8,1]",0.007,0.001,0.005,0.009,0.0,0.0,24012.0,24012.0,23293.0,13004.0,1.0
"vr[9,0]",0.027,0.003,0.021,0.033,0.0,0.0,23017.0,22444.0,23121.0,14796.0,1.0
"vr[9,1]",0.016,0.002,0.012,0.019,0.0,0.0,28743.0,27471.0,29099.0,14969.0,1.0
"vr[10,0]",0.027,0.003,0.021,0.033,0.0,0.0,28922.0,27927.0,29024.0,14281.0,1.0
"vr[10,1]",0.039,0.005,0.029,0.049,0.0,0.0,22508.0,21580.0,22875.0,13741.0,1.0
"vr[11,0]",0.024,0.003,0.018,0.03,0.0,0.0,26593.0,25518.0,26805.0,14976.0,1.0
"vr[11,1]",0.025,0.003,0.019,0.031,0.0,0.0,28560.0,27543.0,28645.0,14603.0,1.0
"vr[12,0]",0.031,0.004,0.024,0.038,0.0,0.0,26120.0,24854.0,26585.0,13126.0,1.0
"vr[12,1]",0.014,0.002,0.011,0.018,0.0,0.0,29720.0,28806.0,29785.0,14907.0,1.0
"vr[13,0]",0.015,0.002,0.011,0.02,0.0,0.0,28043.0,27077.0,28027.0,14599.0,1.0
"vr[13,1]",0.008,0.001,0.005,0.01,0.0,0.0,26712.0,26251.0,26342.0,13795.0,1.0
"vr[14,0]",0.05,0.007,0.038,0.063,0.0,0.0,27078.0,24835.0,28413.0,13302.0,1.0
"vr[14,1]",0.024,0.003,0.018,0.029,0.0,0.0,21201.0,20663.0,21305.0,15605.0,1.0
"vr[15,0]",0.005,0.001,0.003,0.008,0.0,0.0,21521.0,21521.0,20408.0,10540.0,1.0
"vr[15,1]",0.003,0.001,0.001,0.005,0.0,0.0,21530.0,21530.0,19256.0,8320.0,1.0
"vr[16,0]",0.007,0.002,0.004,0.01,0.0,0.0,26486.0,26486.0,25518.0,12760.0,1.0
"vr[16,1]",0.008,0.001,0.005,0.01,0.0,0.0,28412.0,28412.0,27577.0,12870.0,1.0
"vr[17,0]",0.005,0.001,0.002,0.007,0.0,0.0,16854.0,16854.0,15901.0,9411.0,1.0
"vr[17,1]",0.004,0.001,0.002,0.006,0.0,0.0,21789.0,21789.0,20765.0,11181.0,1.0
vp_mean[0],21.794,0.869,20.166,23.422,0.006,0.004,24840.0,24632.0,24977.0,14854.0,1.0
vp_mean[1],31.34,2.105,27.633,35.456,0.018,0.013,13421.0,12952.0,13858.0,10107.0,1.0
vr_mean[0],19.974,0.74,18.574,21.358,0.004,0.003,27594.0,27431.0,27645.0,14773.0,1.0
vr_mean[1],14.13,0.533,13.118,15.116,0.003,0.002,25259.0,25169.0,25315.0,16390.0,1.0
